{
  "archive-1" : {
    "transaction" : "archive-1",
    "sampleCount" : 19,
    "errorCount" : 0,
    "errorPct" : 0.0,
    "meanResTime" : 5955.315789473685,
    "medianResTime" : 5807.0,
    "minResTime" : 2507.0,
    "maxResTime" : 8277.0,
    "pct1ResTime" : 7964.0,
    "pct2ResTime" : 8277.0,
    "pct3ResTime" : 8277.0,
    "throughput" : 1.0232658336923741,
    "receivedKBytesPerSec" : 56.42015160491167,
    "sentKBytesPerSec" : 0.12890751225226194
  },
  "archive-0" : {
    "transaction" : "archive-0",
    "sampleCount" : 19,
    "errorCount" : 0,
    "errorPct" : 0.0,
    "meanResTime" : 5478.473684210527,
    "medianResTime" : 4868.0,
    "minResTime" : 2070.0,
    "maxResTime" : 17708.0,
    "pct1ResTime" : 7311.0,
    "pct2ResTime" : 17708.0,
    "pct3ResTime" : 17708.0,
    "throughput" : 1.0228251507321275,
    "receivedKBytesPerSec" : 0.9728825164190353,
    "sentKBytesPerSec" : 0.12785314384151594
  },
  "Total" : {
    "transaction" : "Total",
    "sampleCount" : 57,
    "errorCount" : 0,
    "errorPct" : 0.0,
    "meanResTime" : 7622.701754385964,
    "medianResTime" : 6532.0,
    "minResTime" : 2070.0,
    "maxResTime" : 21497.0,
    "pct1ResTime" : 12840.800000000001,
    "pct2ResTime" : 14999.899999999983,
    "pct3ResTime" : 21497.0,
    "throughput" : 2.5486250838363516,
    "receivedKBytesPerSec" : 95.29905125195619,
    "sentKBytesPerSec" : 0.4264301084283479
  },
  "archive" : {
    "transaction" : "archive",
    "sampleCount" : 19,
    "errorCount" : 0,
    "errorPct" : 0.0,
    "meanResTime" : 11434.315789473681,
    "medianResTime" : 11438.0,
    "minResTime" : 4895.0,
    "maxResTime" : 21497.0,
    "pct1ResTime" : 14699.0,
    "pct2ResTime" : 21497.0,
    "pct3ResTime" : 21497.0,
    "throughput" : 0.8495416946121171,
    "receivedKBytesPerSec" : 47.64952562597809,
    "sentKBytesPerSec" : 0.21321505421417394
  }
}