{
  "archive-1" : {
    "transaction" : "archive-1",
    "sampleCount" : 12,
    "errorCount" : 0,
    "errorPct" : 0.0,
    "meanResTime" : 2085.0833333333335,
    "medianResTime" : 1985.5,
    "minResTime" : 1801.0,
    "maxResTime" : 3189.0,
    "pct1ResTime" : 2910.300000000001,
    "pct2ResTime" : 3189.0,
    "pct3ResTime" : 3189.0,
    "throughput" : 1.0483096007687605,
    "receivedKBytesPerSec" : 57.80129004870272,
    "sentKBytesPerSec" : 0.1320624399405958
  },
  "archive-0" : {
    "transaction" : "archive-0",
    "sampleCount" : 12,
    "errorCount" : 0,
    "errorPct" : 0.0,
    "meanResTime" : 2361.5,
    "medianResTime" : 2080.0,
    "minResTime" : 1923.0,
    "maxResTime" : 3419.0,
    "pct1ResTime" : 3276.5000000000005,
    "pct2ResTime" : 3419.0,
    "pct3ResTime" : 3419.0,
    "throughput" : 1.0269576379974326,
    "receivedKBytesPerSec" : 0.9768132220795892,
    "sentKBytesPerSec" : 0.12836970474967907
  },
  "Total" : {
    "transaction" : "Total",
    "sampleCount" : 36,
    "errorCount" : 0,
    "errorPct" : 0.0,
    "meanResTime" : 2965.0,
    "medianResTime" : 2291.0,
    "minResTime" : 1801.0,
    "maxResTime" : 5890.0,
    "pct1ResTime" : 4810.8,
    "pct2ResTime" : 5475.199999999999,
    "pct3ResTime" : 5890.0,
    "throughput" : 2.4203307785397334,
    "receivedKBytesPerSec" : 90.5022764135404,
    "sentKBytesPerSec" : 0.40496419927390076
  },
  "archive" : {
    "transaction" : "archive",
    "sampleCount" : 12,
    "errorCount" : 0,
    "errorPct" : 0.0,
    "meanResTime" : 4448.416666666666,
    "medianResTime" : 4205.0,
    "minResTime" : 3847.0,
    "maxResTime" : 5890.0,
    "pct1ResTime" : 5743.6,
    "pct2ResTime" : 5890.0,
    "pct3ResTime" : 5890.0,
    "throughput" : 0.8067769261799113,
    "receivedKBytesPerSec" : 45.2511382067702,
    "sentKBytesPerSec" : 0.20248209963695038
  }
}