{
  "archive-1" : {
    "transaction" : "archive-1",
    "sampleCount" : 17,
    "errorCount" : 0,
    "errorPct" : 0.0,
    "meanResTime" : 4732.117647058823,
    "medianResTime" : 4622.0,
    "minResTime" : 2933.0,
    "maxResTime" : 6541.0,
    "pct1ResTime" : 6529.8,
    "pct2ResTime" : 6541.0,
    "pct3ResTime" : 6541.0,
    "throughput" : 1.2511959961728123,
    "receivedKBytesPerSec" : 68.9851167476264,
    "sentKBytesPerSec" : 0.15762137061161405
  },
  "archive-0" : {
    "transaction" : "archive-0",
    "sampleCount" : 17,
    "errorCount" : 0,
    "errorPct" : 0.0,
    "meanResTime" : 3796.058823529412,
    "medianResTime" : 3758.0,
    "minResTime" : 2035.0,
    "maxResTime" : 5182.0,
    "pct1ResTime" : 5162.8,
    "pct2ResTime" : 5182.0,
    "pct3ResTime" : 5182.0,
    "throughput" : 1.202008060524641,
    "receivedKBytesPerSec" : 1.1433162606943363,
    "sentKBytesPerSec" : 0.15025100756558013
  },
  "Total" : {
    "transaction" : "Total",
    "sampleCount" : 51,
    "errorCount" : 0,
    "errorPct" : 0.0,
    "meanResTime" : 5685.921568627452,
    "medianResTime" : 4935.0,
    "minResTime" : 2035.0,
    "maxResTime" : 10611.0,
    "pct1ResTime" : 9828.000000000002,
    "pct2ResTime" : 10214.8,
    "pct3ResTime" : 10611.0,
    "throughput" : 2.9866479269149684,
    "receivedKBytesPerSec" : 111.67377642597798,
    "sentKBytesPerSec" : 0.49971908672991333
  },
  "archive" : {
    "transaction" : "archive",
    "sampleCount" : 17,
    "errorCount" : 0,
    "errorPct" : 0.0,
    "meanResTime" : 8529.588235294117,
    "medianResTime" : 8859.0,
    "minResTime" : 5439.0,
    "maxResTime" : 10611.0,
    "pct1ResTime" : 10511.0,
    "pct2ResTime" : 10611.0,
    "pct3ResTime" : 10611.0,
    "throughput" : 0.995549308971656,
    "receivedKBytesPerSec" : 55.83688821298899,
    "sentKBytesPerSec" : 0.24985954336495667
  }
}