{
  "archive-1" : {
    "transaction" : "archive-1",
    "sampleCount" : 15,
    "errorCount" : 0,
    "errorPct" : 0.0,
    "meanResTime" : 5052.799999999999,
    "medianResTime" : 5307.0,
    "minResTime" : 3132.0,
    "maxResTime" : 6523.0,
    "pct1ResTime" : 6311.2,
    "pct2ResTime" : 6523.0,
    "pct3ResTime" : 6523.0,
    "throughput" : 1.154201292705448,
    "receivedKBytesPerSec" : 63.638496340220065,
    "sentKBytesPerSec" : 0.14540231128808864
  },
  "archive-0" : {
    "transaction" : "archive-0",
    "sampleCount" : 15,
    "errorCount" : 0,
    "errorPct" : 0.0,
    "meanResTime" : 4248.933333333333,
    "medianResTime" : 4552.0,
    "minResTime" : 2189.0,
    "maxResTime" : 5188.0,
    "pct1ResTime" : 5182.6,
    "pct2ResTime" : 5188.0,
    "pct3ResTime" : 5188.0,
    "throughput" : 1.0466820180029306,
    "receivedKBytesPerSec" : 0.9955744975926314,
    "sentKBytesPerSec" : 0.13083525225036635
  },
  "Total" : {
    "transaction" : "Total",
    "sampleCount" : 45,
    "errorCount" : 0,
    "errorPct" : 0.0,
    "meanResTime" : 6201.4,
    "medianResTime" : 5307.0,
    "minResTime" : 2189.0,
    "maxResTime" : 10842.0,
    "pct1ResTime" : 10011.4,
    "pct2ResTime" : 10611.599999999999,
    "pct3ResTime" : 10842.0,
    "throughput" : 2.576729271644526,
    "receivedKBytesPerSec" : 96.34831385278288,
    "sentKBytesPerSec" : 0.43113243672698126
  },
  "archive" : {
    "transaction" : "archive",
    "sampleCount" : 15,
    "errorCount" : 0,
    "errorPct" : 0.0,
    "meanResTime" : 9302.466666666667,
    "medianResTime" : 9319.0,
    "minResTime" : 7375.0,
    "maxResTime" : 10842.0,
    "pct1ResTime" : 10735.8,
    "pct2ResTime" : 10842.0,
    "pct3ResTime" : 10842.0,
    "throughput" : 0.858909757214842,
    "receivedKBytesPerSec" : 48.17415692639144,
    "sentKBytesPerSec" : 0.21556621836349063
  }
}