{
  "archive-1" : {
    "transaction" : "archive-1",
    "sampleCount" : 21,
    "errorCount" : 7,
    "errorPct" : 33.333332,
    "meanResTime" : 9887.714285714286,
    "medianResTime" : 13186.0,
    "minResTime" : 501.0,
    "maxResTime" : 18784.0,
    "pct1ResTime" : 16640.4,
    "pct2ResTime" : 18589.499999999996,
    "pct3ResTime" : 18784.0,
    "throughput" : 0.7017309363095635,
    "receivedKBytesPerSec" : 25.998113053866206,
    "sentKBytesPerSec" : 0.08840165115618526
  },
  "archive-0" : {
    "transaction" : "archive-0",
    "sampleCount" : 21,
    "errorCount" : 0,
    "errorPct" : 0.0,
    "meanResTime" : 12201.523809523811,
    "medianResTime" : 12071.0,
    "minResTime" : 7560.0,
    "maxResTime" : 17435.0,
    "pct1ResTime" : 16537.2,
    "pct2ResTime" : 17384.5,
    "pct3ResTime" : 17435.0,
    "throughput" : 0.8616445100935499,
    "receivedKBytesPerSec" : 0.8195720242491383,
    "sentKBytesPerSec" : 0.10770556376169375
  },
  "Total" : {
    "transaction" : "Total",
    "sampleCount" : 67,
    "errorCount" : 18,
    "errorPct" : 26.865671,
    "meanResTime" : 13955.999999999998,
    "medianResTime" : 13186.0,
    "minResTime" : 501.0,
    "maxResTime" : 30861.0,
    "pct1ResTime" : 27079.4,
    "pct2ResTime" : 29312.999999999996,
    "pct3ResTime" : 30861.0,
    "throughput" : 1.7485711303076963,
    "receivedKBytesPerSec" : 41.743465694078346,
    "sentKBytesPerSec" : 0.28814927121121175
  },
  "archive" : {
    "transaction" : "archive",
    "sampleCount" : 25,
    "errorCount" : 11,
    "errorPct" : 44.0,
    "meanResTime" : 18847.120000000003,
    "medianResTime" : 24460.0,
    "minResTime" : 1411.0,
    "maxResTime" : 30861.0,
    "pct1ResTime" : 30090.600000000002,
    "pct2ResTime" : 30859.2,
    "pct3ResTime" : 30861.0,
    "throughput" : 0.6524519142939166,
    "receivedKBytesPerSec" : 20.917353508233944,
    "sentKBytesPerSec" : 0.15059915474854504
  }
}